Changes made at Sat Aug  9 05:58:18 UTC 2025
Changes made at Sat Aug  9 06:00:13 UTC 2025
Changes made at Sat Aug  9 06:01:25 UTC 2025
Changes made at Sat Aug  9 06:10:34 UTC 2025
Changes made at Sat Aug  9 08:14:07 UTC 2025
Changes made at Sat Aug  9 08:15:15 UTC 2025
Changes made at Sat Aug  9 10:11:03 UTC 2025
Changes made at Sat Aug  9 14:10:13 UTC 2025
Changes made at Sat Aug  9 16:12:55 UTC 2025
Changes made at Sun Aug 10 08:14:16 UTC 2025
Changes made at Sun Aug 10 10:11:42 UTC 2025
Changes made at Sun Aug 10 14:10:09 UTC 2025
Changes made at Sun Aug 10 16:13:05 UTC 2025
Changes made at Mon Aug 11 08:18:02 UTC 2025
Changes made at Mon Aug 11 10:13:28 UTC 2025
Changes made at Mon Aug 11 14:14:02 UTC 2025
Changes made at Mon Aug 11 16:14:48 UTC 2025
Changes made at Tue Aug 12 08:16:11 UTC 2025
Changes made at Tue Aug 12 10:12:54 UTC 2025
Changes made at Tue Aug 12 14:12:10 UTC 2025
Changes made at Tue Aug 12 16:14:22 UTC 2025
Changes made at Wed Aug 13 08:15:53 UTC 2025
Changes made at Wed Aug 13 10:12:40 UTC 2025
Changes made at Wed Aug 13 14:12:39 UTC 2025
Changes made at Wed Aug 13 16:11:15 UTC 2025
Changes made at Thu Aug 14 08:16:19 UTC 2025
Changes made at Thu Aug 14 10:12:55 UTC 2025
Changes made at Thu Aug 14 14:11:48 UTC 2025
Changes made at Thu Aug 14 16:14:54 UTC 2025
Changes made at Fri Aug 15 08:15:49 UTC 2025
Changes made at Fri Aug 15 10:12:10 UTC 2025
Changes made at Fri Aug 15 14:11:20 UTC 2025
Changes made at Fri Aug 15 16:13:34 UTC 2025
Changes made at Sat Aug 16 08:13:58 UTC 2025
Changes made at Sat Aug 16 10:10:37 UTC 2025
Changes made at Sat Aug 16 14:09:18 UTC 2025
Changes made at Sat Aug 16 16:12:01 UTC 2025
Changes made at Sun Aug 17 07:54:27 UTC 2025
Changes made at Sun Aug 17 07:58:04 UTC 2025
Changes made at Sun Aug 17 08:08:37 UTC 2025
Changes made at Sun Aug 17 08:14:27 UTC 2025
Changes made at Sun Aug 17 08:16:29 UTC 2025
Changes made at Sun Aug 17 08:17:10 UTC 2025
Changes made at Sun Aug 17 10:11:08 UTC 2025
Changes made at Sun Aug 17 11:01:41 UTC 2025
Changes made at Sun Aug 17 11:04:32 UTC 2025
Changes made at Sun Aug 17 14:44:23 UTC 2025
Changes made at Sun Aug 17 23:40:26 UTC 2025
Changes made at Mon Aug 18 04:10:04 UTC 2025
Changes made at Mon Aug 18 08:58:06 UTC 2025
Changes made at Mon Aug 18 14:52:12 UTC 2025
Changes made at Mon Aug 18 23:36:15 UTC 2025
Changes made at Tue Aug 19 03:45:27 UTC 2025
Changes made at Tue Aug 19 08:53:29 UTC 2025
Changes made at Tue Aug 19 14:48:17 UTC 2025
Changes made at Tue Aug 19 23:33:06 UTC 2025
Changes made at Wed Aug 20 03:38:43 UTC 2025
Changes made at Wed Aug 20 08:50:41 UTC 2025
Changes made at Wed Aug 20 14:48:16 UTC 2025
Changes made at Wed Aug 20 23:31:56 UTC 2025
Changes made at Thu Aug 21 03:34:21 UTC 2025
Changes made at Thu Aug 21 08:51:59 UTC 2025
Changes made at Thu Aug 21 14:47:34 UTC 2025
Changes made at Thu Aug 21 23:34:02 UTC 2025
Changes made at Fri Aug 22 03:33:52 UTC 2025
Changes made at Fri Aug 22 08:52:04 UTC 2025
Changes made at Fri Aug 22 14:44:53 UTC 2025
Changes made at Fri Aug 22 23:31:26 UTC 2025
Changes made at Sat Aug 23 03:29:29 UTC 2025
Changes made at Sat Aug 23 08:47:12 UTC 2025
Changes made at Sat Aug 23 14:40:54 UTC 2025
Changes made at Sat Aug 23 23:31:50 UTC 2025
Changes made at Sun Aug 24 03:53:13 UTC 2025
Changes made at Sun Aug 24 08:45:30 UTC 2025
Changes made at Sun Aug 24 14:39:28 UTC 2025
Changes made at Sun Aug 24 23:36:14 UTC 2025
Changes made at Mon Aug 25 03:53:08 UTC 2025
Changes made at Mon Aug 25 08:55:53 UTC 2025
Changes made at Mon Aug 25 14:47:45 UTC 2025
Changes made at Mon Aug 25 23:35:56 UTC 2025
Changes made at Tue Aug 26 03:41:56 UTC 2025
Changes made at Tue Aug 26 08:54:33 UTC 2025
Changes made at Tue Aug 26 14:45:56 UTC 2025
Changes made at Tue Aug 26 23:30:57 UTC 2025
Changes made at Wed Aug 27 03:26:53 UTC 2025
Changes made at Wed Aug 27 08:50:42 UTC 2025
Changes made at Wed Aug 27 14:45:03 UTC 2025
Changes made at Wed Aug 27 23:29:59 UTC 2025
Changes made at Thu Aug 28 03:26:59 UTC 2025
Changes made at Thu Aug 28 08:50:49 UTC 2025
Changes made at Thu Aug 28 14:46:23 UTC 2025
Changes made at Thu Aug 28 23:30:47 UTC 2025
Changes made at Fri Aug 29 03:26:23 UTC 2025
Changes made at Fri Aug 29 08:49:43 UTC 2025
Changes made at Fri Aug 29 14:44:21 UTC 2025
Changes made at Fri Aug 29 23:30:21 UTC 2025
Changes made at Sat Aug 30 03:19:21 UTC 2025
Changes made at Sat Aug 30 08:43:50 UTC 2025
Changes made at Sat Aug 30 14:32:57 UTC 2025
Changes made at Sat Aug 30 23:30:33 UTC 2025
Changes made at Sun Aug 31 03:29:30 UTC 2025
Changes made at Sun Aug 31 08:42:28 UTC 2025
Changes made at Sun Aug 31 14:35:11 UTC 2025
Changes made at Sun Aug 31 23:30:32 UTC 2025
Changes made at Mon Sep  1 03:58:08 UTC 2025
Changes made at Mon Sep  1 08:52:56 UTC 2025
Changes made at Mon Sep  1 14:44:37 UTC 2025
Changes made at Mon Sep  1 23:30:54 UTC 2025
Changes made at Tue Sep  2 03:31:16 UTC 2025
Changes made at Tue Sep  2 08:51:57 UTC 2025
Changes made at Tue Sep  2 14:47:15 UTC 2025
Changes made at Tue Sep  2 23:28:02 UTC 2025
Changes made at Wed Sep  3 03:08:02 UTC 2025
Changes made at Wed Sep  3 08:48:24 UTC 2025
Changes made at Wed Sep  3 14:44:05 UTC 2025
Changes made at Wed Sep  3 23:29:00 UTC 2025
Changes made at Thu Sep  4 03:08:39 UTC 2025
Changes made at Thu Sep  4 08:48:59 UTC 2025
Changes made at Thu Sep  4 14:44:04 UTC 2025
Changes made at Thu Sep  4 23:30:09 UTC 2025
Changes made at Fri Sep  5 03:21:15 UTC 2025
Changes made at Fri Sep  5 08:47:51 UTC 2025
Changes made at Fri Sep  5 14:41:13 UTC 2025
Changes made at Fri Sep  5 23:29:51 UTC 2025
Changes made at Sat Sep  6 03:07:42 UTC 2025
Changes made at Sat Sep  6 08:39:21 UTC 2025
Changes made at Sat Sep  6 14:30:58 UTC 2025
Changes made at Sat Sep  6 23:28:08 UTC 2025
Changes made at Sun Sep  7 03:25:00 UTC 2025
Changes made at Sun Sep  7 08:40:07 UTC 2025
Changes made at Sun Sep  7 14:31:12 UTC 2025
Changes made at Sun Sep  7 23:28:30 UTC 2025
Changes made at Mon Sep  8 03:31:14 UTC 2025
Changes made at Mon Sep  8 08:51:58 UTC 2025
Changes made at Mon Sep  8 14:46:51 UTC 2025
Changes made at Mon Sep  8 23:30:28 UTC 2025
Changes made at Tue Sep  9 03:25:10 UTC 2025
Changes made at Tue Sep  9 08:51:33 UTC 2025
Changes made at Tue Sep  9 14:45:43 UTC 2025
Changes made at Tue Sep  9 23:28:52 UTC 2025
Changes made at Wed Sep 10 03:08:22 UTC 2025
Changes made at Wed Sep 10 08:48:58 UTC 2025
Changes made at Wed Sep 10 14:41:33 UTC 2025
Changes made at Wed Sep 10 23:29:21 UTC 2025
Changes made at Thu Sep 11 03:23:26 UTC 2025
Changes made at Thu Sep 11 08:48:18 UTC 2025
Changes made at Thu Sep 11 14:41:44 UTC 2025
Changes made at Thu Sep 11 23:29:05 UTC 2025
Changes made at Fri Sep 12 03:07:27 UTC 2025
Changes made at Fri Sep 12 08:47:40 UTC 2025
Changes made at Fri Sep 12 14:41:11 UTC 2025
Changes made at Fri Sep 12 23:27:41 UTC 2025
Changes made at Sat Sep 13 03:01:12 UTC 2025
Changes made at Sat Sep 13 08:40:44 UTC 2025
Changes made at Sat Sep 13 14:31:25 UTC 2025
Changes made at Sat Sep 13 23:27:38 UTC 2025
Changes made at Sun Sep 14 03:24:29 UTC 2025
Changes made at Sun Sep 14 08:41:32 UTC 2025
Changes made at Sun Sep 14 14:30:48 UTC 2025
Changes made at Sun Sep 14 23:28:02 UTC 2025
Changes made at Mon Sep 15 03:32:06 UTC 2025
Changes made at Mon Sep 15 08:50:06 UTC 2025
Changes made at Mon Sep 15 14:39:34 UTC 2025
Changes made at Mon Sep 15 23:28:26 UTC 2025
Changes made at Tue Sep 16 03:10:15 UTC 2025
Changes made at Tue Sep 16 08:51:18 UTC 2025
Changes made at Tue Sep 16 14:43:48 UTC 2025
Changes made at Tue Sep 16 23:25:28 UTC 2025
Changes made at Wed Sep 17 02:35:07 UTC 2025
Changes made at Wed Sep 17 08:38:10 UTC 2025
Changes made at Wed Sep 17 14:33:10 UTC 2025
Changes made at Wed Sep 17 23:26:49 UTC 2025
Changes made at Thu Sep 18 02:36:06 UTC 2025
Changes made at Thu Sep 18 08:38:12 UTC 2025
Changes made at Thu Sep 18 14:33:37 UTC 2025
Changes made at Thu Sep 18 23:27:27 UTC 2025
Changes made at Fri Sep 19 02:39:37 UTC 2025
Changes made at Fri Sep 19 08:37:48 UTC 2025
Changes made at Fri Sep 19 14:34:01 UTC 2025
Changes made at Fri Sep 19 23:27:02 UTC 2025
Changes made at Sat Sep 20 02:32:56 UTC 2025
Changes made at Sat Sep 20 08:34:01 UTC 2025
Changes made at Sat Sep 20 14:29:42 UTC 2025
Changes made at Sat Sep 20 23:26:36 UTC 2025
Changes made at Sun Sep 21 02:46:17 UTC 2025
Changes made at Sun Sep 21 08:32:26 UTC 2025
Changes made at Sun Sep 21 14:29:19 UTC 2025
Changes made at Sun Sep 21 23:27:14 UTC 2025
Changes made at Mon Sep 22 02:46:20 UTC 2025
Changes made at Mon Sep 22 08:41:04 UTC 2025
Changes made at Mon Sep 22 14:34:53 UTC 2025
Changes made at Mon Sep 22 23:27:21 UTC 2025
Changes made at Tue Sep 23 02:36:40 UTC 2025
Changes made at Tue Sep 23 08:38:45 UTC 2025
Changes made at Tue Sep 23 14:34:44 UTC 2025
Changes made at Tue Sep 23 23:27:05 UTC 2025
Changes made at Wed Sep 24 02:38:12 UTC 2025
Changes made at Wed Sep 24 08:40:46 UTC 2025
Changes made at Wed Sep 24 14:33:09 UTC 2025
Changes made at Wed Sep 24 23:27:25 UTC 2025
Changes made at Thu Sep 25 02:40:13 UTC 2025
Changes made at Thu Sep 25 08:39:48 UTC 2025
Changes made at Thu Sep 25 14:35:47 UTC 2025
Changes made at Thu Sep 25 23:27:12 UTC 2025
Changes made at Fri Sep 26 02:38:34 UTC 2025
Changes made at Fri Sep 26 08:39:40 UTC 2025
Changes made at Fri Sep 26 14:32:32 UTC 2025
Changes made at Fri Sep 26 23:26:57 UTC 2025
Changes made at Sat Sep 27 02:32:52 UTC 2025
Changes made at Sat Sep 27 08:33:15 UTC 2025
Changes made at Sat Sep 27 14:29:04 UTC 2025
Changes made at Sat Sep 27 23:27:09 UTC 2025
Changes made at Sun Sep 28 02:46:51 UTC 2025
Changes made at Sun Sep 28 08:33:00 UTC 2025
Changes made at Sun Sep 28 14:27:46 UTC 2025
Changes made at Sun Sep 28 23:27:40 UTC 2025
Changes made at Mon Sep 29 02:42:46 UTC 2025
Changes made at Mon Sep 29 08:42:27 UTC 2025
Changes made at Mon Sep 29 14:34:59 UTC 2025
Changes made at Mon Sep 29 23:27:39 UTC 2025
Changes made at Tue Sep 30 02:36:35 UTC 2025
Changes made at Tue Sep 30 08:42:19 UTC 2025
Changes made at Tue Sep 30 14:32:41 UTC 2025
Changes made at Tue Sep 30 23:27:18 UTC 2025
Changes made at Wed Oct  1 02:49:34 UTC 2025
Changes made at Wed Oct  1 08:40:27 UTC 2025
Changes made at Wed Oct  1 14:35:03 UTC 2025
Changes made at Wed Oct  1 23:27:02 UTC 2025
Changes made at Thu Oct  2 02:35:47 UTC 2025
Changes made at Thu Oct  2 08:38:24 UTC 2025
Changes made at Thu Oct  2 14:33:50 UTC 2025
Changes made at Thu Oct  2 23:26:49 UTC 2025
Changes made at Fri Oct  3 02:35:08 UTC 2025
Changes made at Fri Oct  3 08:36:14 UTC 2025
Changes made at Fri Oct  3 14:32:32 UTC 2025
Changes made at Fri Oct  3 23:26:10 UTC 2025
Changes made at Sat Oct  4 02:29:51 UTC 2025
Changes made at Sat Oct  4 08:33:32 UTC 2025
Changes made at Sat Oct  4 14:28:29 UTC 2025
Changes made at Sat Oct  4 23:27:02 UTC 2025
Changes made at Sun Oct  5 02:46:04 UTC 2025
Changes made at Sun Oct  5 08:32:49 UTC 2025
Changes made at Sun Oct  5 14:28:58 UTC 2025
Changes made at Sun Oct  5 23:25:17 UTC 2025
Changes made at Mon Oct  6 02:40:13 UTC 2025
Changes made at Mon Oct  6 08:39:27 UTC 2025
Changes made at Mon Oct  6 14:34:39 UTC 2025
Changes made at Mon Oct  6 23:27:54 UTC 2025
Changes made at Tue Oct  7 02:36:43 UTC 2025
Changes made at Tue Oct  7 08:39:00 UTC 2025
Changes made at Tue Oct  7 14:36:08 UTC 2025
Changes made at Tue Oct  7 23:27:28 UTC 2025
Changes made at Wed Oct  8 02:36:48 UTC 2025
Changes made at Wed Oct  8 08:40:08 UTC 2025
Changes made at Wed Oct  8 14:36:37 UTC 2025
Changes made at Wed Oct  8 23:27:57 UTC 2025
Changes made at Thu Oct  9 02:39:14 UTC 2025
Changes made at Thu Oct  9 08:40:04 UTC 2025
Changes made at Thu Oct  9 14:34:44 UTC 2025
Changes made at Thu Oct  9 23:27:38 UTC 2025
Changes made at Fri Oct 10 02:39:27 UTC 2025
Changes made at Fri Oct 10 08:38:26 UTC 2025
Changes made at Fri Oct 10 14:34:29 UTC 2025
Changes made at Fri Oct 10 23:27:13 UTC 2025
Changes made at Sat Oct 11 02:32:44 UTC 2025
Changes made at Sat Oct 11 08:33:25 UTC 2025
Changes made at Sat Oct 11 14:28:23 UTC 2025
Changes made at Sat Oct 11 23:26:57 UTC 2025
Changes made at Sun Oct 12 02:41:11 UTC 2025
Changes made at Sun Oct 12 08:33:20 UTC 2025
Changes made at Sun Oct 12 14:29:07 UTC 2025
Changes made at Sun Oct 12 23:26:52 UTC 2025
Changes made at Mon Oct 13 02:47:52 UTC 2025
Changes made at Mon Oct 13 08:43:09 UTC 2025
Changes made at Mon Oct 13 14:35:23 UTC 2025
Changes made at Mon Oct 13 23:27:04 UTC 2025
Changes made at Tue Oct 14 02:39:06 UTC 2025
Changes made at Tue Oct 14 08:37:57 UTC 2025
Changes made at Tue Oct 14 14:36:06 UTC 2025
Changes made at Tue Oct 14 23:28:06 UTC 2025
Changes made at Wed Oct 15 02:43:15 UTC 2025
Changes made at Wed Oct 15 08:43:04 UTC 2025
Changes made at Wed Oct 15 14:38:01 UTC 2025
Changes made at Wed Oct 15 23:27:50 UTC 2025
Changes made at Thu Oct 16 02:41:25 UTC 2025
Changes made at Thu Oct 16 08:42:34 UTC 2025
Changes made at Thu Oct 16 14:36:07 UTC 2025
Changes made at Thu Oct 16 23:25:10 UTC 2025
Changes made at Fri Oct 17 08:40:31 UTC 2025
Changes made at Fri Oct 17 14:34:18 UTC 2025
Changes made at Fri Oct 17 23:27:09 UTC 2025
Changes made at Sat Oct 18 02:33:41 UTC 2025
Changes made at Sat Oct 18 08:34:52 UTC 2025
Changes made at Sat Oct 18 14:29:46 UTC 2025
Changes made at Sat Oct 18 23:26:59 UTC 2025
Changes made at Sun Oct 19 02:53:15 UTC 2025
Changes made at Sun Oct 19 08:33:35 UTC 2025
Changes made at Sun Oct 19 14:29:42 UTC 2025
Changes made at Sun Oct 19 23:28:02 UTC 2025
Changes made at Mon Oct 20 02:52:33 UTC 2025
Changes made at Mon Oct 20 08:40:53 UTC 2025
Changes made at Mon Oct 20 14:34:43 UTC 2025
Changes made at Mon Oct 20 23:28:06 UTC 2025
Changes made at Tue Oct 21 02:43:53 UTC 2025
Changes made at Tue Oct 21 08:43:03 UTC 2025
Changes made at Tue Oct 21 14:32:47 UTC 2025
Changes made at Tue Oct 21 23:29:21 UTC 2025
Changes made at Wed Oct 22 02:48:17 UTC 2025
Changes made at Wed Oct 22 08:43:42 UTC 2025
Changes made at Wed Oct 22 14:40:44 UTC 2025
Changes made at Wed Oct 22 23:27:24 UTC 2025
Changes made at Thu Oct 23 02:42:15 UTC 2025
Changes made at Thu Oct 23 08:42:20 UTC 2025
Changes made at Thu Oct 23 14:37:53 UTC 2025
Changes made at Thu Oct 23 23:27:36 UTC 2025
Changes made at Fri Oct 24 02:38:46 UTC 2025
Changes made at Fri Oct 24 08:40:29 UTC 2025
Changes made at Fri Oct 24 14:35:37 UTC 2025
Changes made at Fri Oct 24 23:28:19 UTC 2025
Changes made at Sat Oct 25 02:40:20 UTC 2025
Changes made at Sat Oct 25 08:34:29 UTC 2025
Changes made at Sat Oct 25 14:30:13 UTC 2025
Changes made at Sat Oct 25 23:27:33 UTC 2025
Changes made at Sun Oct 26 02:48:06 UTC 2025
Changes made at Sun Oct 26 08:34:24 UTC 2025
Changes made at Sun Oct 26 14:30:32 UTC 2025
Changes made at Sun Oct 26 23:28:41 UTC 2025
Changes made at Mon Oct 27 02:56:37 UTC 2025
Changes made at Mon Oct 27 08:42:28 UTC 2025
Changes made at Mon Oct 27 14:36:02 UTC 2025
Changes made at Mon Oct 27 23:28:20 UTC 2025
Changes made at Tue Oct 28 02:44:58 UTC 2025
Changes made at Tue Oct 28 08:42:14 UTC 2025
Changes made at Tue Oct 28 14:37:37 UTC 2025
Changes made at Tue Oct 28 23:29:17 UTC 2025
Changes made at Wed Oct 29 02:52:41 UTC 2025
Changes made at Wed Oct 29 08:42:36 UTC 2025
Changes made at Wed Oct 29 14:38:24 UTC 2025
Changes made at Wed Oct 29 23:29:50 UTC 2025
Changes made at Thu Oct 30 02:49:01 UTC 2025
Changes made at Thu Oct 30 08:41:23 UTC 2025
Changes made at Thu Oct 30 14:37:07 UTC 2025
Changes made at Thu Oct 30 23:28:31 UTC 2025
Changes made at Fri Oct 31 02:48:13 UTC 2025
Changes made at Fri Oct 31 08:39:54 UTC 2025
Changes made at Fri Oct 31 14:36:08 UTC 2025
Changes made at Fri Oct 31 23:28:22 UTC 2025
Changes made at Sat Nov  1 02:49:27 UTC 2025
Changes made at Sat Nov  1 08:34:36 UTC 2025
Changes made at Sat Nov  1 14:30:06 UTC 2025
Changes made at Sat Nov  1 23:27:47 UTC 2025
Changes made at Sun Nov  2 02:52:39 UTC 2025
Changes made at Sun Nov  2 08:33:36 UTC 2025
Changes made at Sun Nov  2 14:30:08 UTC 2025
Changes made at Sun Nov  2 23:28:01 UTC 2025
Changes made at Mon Nov  3 02:54:11 UTC 2025
Changes made at Mon Nov  3 08:43:31 UTC 2025
Changes made at Mon Nov  3 14:36:59 UTC 2025
Changes made at Mon Nov  3 23:29:13 UTC 2025
Changes made at Tue Nov  4 02:48:10 UTC 2025
